{
    "answers": {
        "request001": {
            "relevance": {
                "0": 0.6666666865348816,
                "1": 0.6666666865348816,
                "14": 1.0,
                "2": 0.6666666865348816,
                "7": 1.0
            },
            "result": true
        }
    }
}